{
  "info": {
    "_postman_id": "e9c84b87-12a5-4b3f-b8b1-4c9c5e8f3d6a",
    "name": "LoginGuzpasen",
    "description": "Colección de peticiones para el sistema de gestión de usuarios y módulos de LoginGuzpasen",
    "schema": "https://schema.getpostman.com/json/collection/v2.1.0/collection.json"
  },
  "variable": [
    {
      "key": "baseUrl",
      "value": "http://localhost:8080/api",
      "type": "string"
    }
  ],
  "item": [
    {
      "name": "Usuarios",
      "item": [
        {
          "name": "Listar todos los usuarios",
          "request": {
            "method": "GET",
            "header": [
              {
                "key": "Authorization",
                "value": "Bearer {{authToken}}",
                "type": "text"
              }
            ],
            "url": {
              "raw": "{{baseUrl}}/usuarios",
              "host": ["{{baseUrl}}"],
              "path": ["usuarios"]
            },
            "description": "Obtiene la lista de todos los usuarios registrados en el sistema"
          },
          "response": []
        },
        {
          "name": "Obtener usuario por ID",
          "request": {
            "method": "GET",
            "header": [],
            "url": {
              "raw": "{{baseUrl}}/usuarios/1",
              "host": ["{{baseUrl}}"],
              "path": ["usuarios", "1"]
            },
            "description": "Obtiene un usuario específico por su ID"
          },
          "response": []
        },
        {
          "name": "Obtener usuario por email",
          "request": {
            "method": "GET",
            "header": [],
            "url": {
              "raw": "{{baseUrl}}/usuarios/email/usuario@ejemplo.com",
              "host": ["{{baseUrl}}"],
              "path": ["usuarios", "email", "usuario@ejemplo.com"]
            },
            "description": "Busca un usuario por su dirección de correo electrónico"
          },
          "response": []
        },
        {
          "name": "Crear usuario",
          "request": {
            "method": "POST",
            "header": [
              {
                "key": "Content-Type",
                "value": "application/json"
              }
            ],
            "body": {
              "mode": "raw",
              "raw": "{\n  \"nombre\": \"Juan\",\n  \"apellidos\": \"Pérez García\",\n  \"email\": \"juan.perez@ejemplo.com\",\n  \"password\": \"password123\",\n  \"rol\": \"PROFESOR\"\n}"
            },
            "url": {
              "raw": "{{baseUrl}}/usuarios",
              "host": ["{{baseUrl}}"],
              "path": ["usuarios"]
            },
            "description": "Crea un nuevo usuario en el sistema"
          },
          "response": []
        },
        {
          "name": "Actualizar usuario",
          "request": {
            "method": "PUT",
            "header": [
              {
                "key": "Content-Type",
                "value": "application/json"
              }
            ],
            "body": {
              "mode": "raw",
              "raw": "{\n  \"nombre\": \"Juan Actualizado\",\n  \"apellidos\": \"Pérez García\",\n  \"email\": \"juan.perez@ejemplo.com\",\n  \"password\": \"\",\n  \"activo\": true,\n  \"rol\": \"PROFESOR\"\n}"
            },
            "url": {
              "raw": "{{baseUrl}}/usuarios/1",
              "host": ["{{baseUrl}}"],
              "path": ["usuarios", "1"]
            },
            "description": "Actualiza la información de un usuario existente"
          },
          "response": []
        },
        {
          "name": "Eliminar usuario",
          "request": {
            "method": "DELETE",
            "header": [],
            "url": {
              "raw": "{{baseUrl}}/usuarios/1",
              "host": ["{{baseUrl}}"],
              "path": ["usuarios", "1"]
            },
            "description": "Elimina un usuario del sistema por su ID"
          },
          "response": []
        },
        {
          "name": "Desactivar usuario",
          "request": {
            "method": "PATCH",
            "header": [],
            "url": {
              "raw": "{{baseUrl}}/usuarios/1/desactivar",
              "host": ["{{baseUrl}}"],
              "path": ["usuarios", "1", "desactivar"]
            },
            "description": "Desactiva un usuario sin eliminarlo del sistema"
          },
          "response": []
        },
        {
          "name": "Restablecer contraseña",
          "request": {
            "method": "PATCH",
            "header": [
              {
                "key": "Content-Type",
                "value": "application/json"
              }
            ],
            "body": {
              "mode": "raw",
              "raw": "{\n  \"newPassword\": \"nuevaPassword123\"\n}"
            },
            "url": {
              "raw": "{{baseUrl}}/usuarios/1/resetPassword",
              "host": ["{{baseUrl}}"],
              "path": ["usuarios", "1", "resetPassword"]
            },
            "description": "Restablece la contraseña de un usuario"
          },
          "response": []
        }
      ],
      "description": "Operaciones relacionadas con la gestión de usuarios"
    },
    {
      "name": "Módulos",
      "item": [
        {
          "name": "Listar todos los módulos",
          "request": {
            "method": "GET",
            "header": [
              {
                "key": "Authorization",
                "value": "Bearer {{authToken}}",
                "type": "text"
              }
            ],
            "url": {
              "raw": "{{baseUrl}}/modulos",
              "host": ["{{baseUrl}}"],
              "path": ["modulos"]
            },
            "description": "Obtiene la lista de todos los módulos disponibles en el sistema"
          },
          "response": []
        },
        {
          "name": "Obtener módulo por ID",
          "request": {
            "method": "GET",
            "header": [
              {
                "key": "Authorization",
                "value": "Bearer {{authToken}}",
                "type": "text"
              }
            ],
            "url": {
              "raw": "{{baseUrl}}/modulos/1",
              "host": ["{{baseUrl}}"],
              "path": ["modulos", "1"]
            },
            "description": "Obtiene un módulo específico por su ID"
          },
          "response": []
        },
        {
          "name": "Crear módulo",
          "request": {
            "method": "POST",
            "header": [
              {
                "key": "Content-Type",
                "value": "application/json"
              },
              {
                "key": "Authorization",
                "value": "Bearer {{authToken}}",
                "type": "text"
              }
            ],
            "body": {
              "mode": "raw",
              "raw": "{\n  \"nombre\": \"Gestión Académica\",\n  \"descripcion\": \"Módulo para la gestión de cursos y asignaturas\",\n  \"icono\": \"fa-book\",\n  \"url\": \"/academico\"\n}"
            },
            "url": {
              "raw": "{{baseUrl}}/modulos",
              "host": ["{{baseUrl}}"],
              "path": ["modulos"]
            },
            "description": "Crea un nuevo módulo en el sistema"
          },
          "response": []
        },
        {
          "name": "Actualizar módulo",
          "request": {
            "method": "PUT",
            "header": [
              {
                "key": "Content-Type",
                "value": "application/json"
              },
              {
                "key": "Authorization",
                "value": "Bearer {{authToken}}",
                "type": "text"
              }
            ],
            "body": {
              "mode": "raw",
              "raw": "{\n  \"nombre\": \"Gestión Académica Actualizado\",\n  \"descripcion\": \"Módulo actualizado para la gestión de cursos y asignaturas\",\n  \"icono\": \"fa-graduation-cap\",\n  \"url\": \"/academico\"\n}"
            },
            "url": {
              "raw": "{{baseUrl}}/modulos/1",
              "host": ["{{baseUrl}}"],
              "path": ["modulos", "1"]
            },
            "description": "Actualiza un módulo existente"
          },
          "response": []
        },
        {
          "name": "Eliminar módulo",
          "request": {
            "method": "DELETE",
            "header": [
              {
                "key": "Authorization",
                "value": "Bearer {{authToken}}",
                "type": "text"
              }
            ],
            "url": {
              "raw": "{{baseUrl}}/modulos/1",
              "host": ["{{baseUrl}}"],
              "path": ["modulos", "1"]
            },
            "description": "Elimina un módulo del sistema"
          },
          "response": []
        },
        {
          "name": "Obtener módulos de un usuario",
          "request": {
            "method": "GET",
            "header": [],
            "url": {
              "raw": "{{baseUrl}}/usuarios/1/modulos",
              "host": ["{{baseUrl}}"],
              "path": ["usuarios", "1", "modulos"]
            },
            "description": "Obtiene la lista de módulos asignados a un usuario específico"
          },
          "response": []
        },
        {
          "name": "Asignar módulo a usuario",
          "request": {
            "method": "POST",
            "header": [],
            "url": {
              "raw": "{{baseUrl}}/usuarios/1/modulos/2",
              "host": ["{{baseUrl}}"],
              "path": ["usuarios", "1", "modulos", "2"]
            },
            "description": "Asigna un módulo específico a un usuario"
          },
          "response": []
        },
        {
          "name": "Eliminar módulo de usuario",
          "request": {
            "method": "DELETE",
            "header": [],
            "url": {
              "raw": "{{baseUrl}}/usuarios/1/modulos/2",
              "host": ["{{baseUrl}}"],
              "path": ["usuarios", "1", "modulos", "2"]
            },
            "description": "Elimina la asignación de un módulo a un usuario"
          },
          "response": []
        }
      ],
      "description": "Operaciones relacionadas con la gestión de módulos y su asignación a usuarios"
    },
    {
      "name": "Autenticación",
      "item": [
        {
          "name": "Login",
          "request": {
            "method": "POST",
            "header": [
              {
                "key": "Content-Type",
                "value": "application/json"
              }
            ],
            "body": {
              "mode": "raw",
              "raw": "{\n  \"email\": \"usuario@ejemplo.com\",\n  \"password\": \"password123\"\n}"
            },
            "url": {
              "raw": "{{baseUrl}}/auth/login",
              "host": ["{{baseUrl}}"],
              "path": ["auth", "login"]
            },
            "description": "Autentica a un usuario con su email y contraseña"
          },
          "response": [],
          "event": [
            {
              "listen": "test",
              "script": {
                "exec": [
                  "// Guardar el token de autenticación si la respuesta es exitosa",
                  "if (pm.response.code === 200) {",
                  "    var jsonData = pm.response.json();",
                  "    if (jsonData.token) {",
                  "        pm.environment.set(\"authToken\", jsonData.token);",
                  "        console.log(\"Token guardado correctamente\");",
                  "    } else {",
                  "        console.warn(\"La respuesta no contiene un token\");",
                  "    }",
                  "} else {",
                  "    console.error(\"Error en la autenticación: \" + pm.response.code);",
                  "}"
                ],
                "type": "text/javascript"
              }
            }
          ]
        }
      ],
      "description": "Operaciones relacionadas con la autenticación de usuarios"
    }
  ],
  "event": [
    {
      "listen": "prerequest",
      "script": {
        "type": "text/javascript",
        "exec": [""]
      }
    },
    {
      "listen": "test",
      "script": {
        "type": "text/javascript",
        "exec": [""]
      }
    }
  ]
}
