{
  "id": "f8b68e2a-3c1f-4d7b-9e73-1234567890ab",
  "name": "LoginGuzpasen - Desarrollo",
  "values": [
    {
      "key": "baseUrl",
      "value": "http://localhost:8080/api",
      "type": "default",
      "enabled": true
    },
    {
      "key": "authToken",
      "value": "",
      "type": "default",
      "enabled": true
    }
  ],
  "_postman_variable_scope": "environment",
  "_postman_exported_at": "2023-06-09T12:00:00.000Z",
  "_postman_exported_using": "Postman/10.19.0"
}
